genotypes,phenotypes
RQAIE,3.7791751973445815
DQRFE,3.026426292819075
RQRFE,3.8881503736310554
DQAFE,2.3680368413940647
RHRIE,3.4645670786166054
RQRIE,5.794452539437858
RHAFW,1.3008502957794024
RQAFW,1.7953399541206962
DHAFE,1.0709019143956853
DHRFE,1.2858865120328469
DQAFW,1.0465178484605808
DQRIW,3.078551582152489
DQAIW,2.823874807449657
DHRFW,1.6110526405488677
DHRIE,3.0270569086275687
RQAFE,3.2597652010888014
