,genotypes,phenotypes,n_replicates,stdeviations,binary,n_mutations
0,EEDPT,0.6772049007935074,1,,00000,0
1,EEDPH,0.8587223311614816,1,,00001,1
2,EEDVT,1.409837017744466,1,,00010,1
3,EEDVH,1.7054289986729327,1,,00011,2
4,EERPT,0.9938624187412064,1,,00100,1
5,EERPH,1.4560890646800217,1,,00101,2
6,EERVT,1.3202615497216679,1,,00110,2
7,EERVH,2.493811091844652,1,,00111,3
8,EADPT,1.123212189271117,1,,01000,1
9,EADPH,2.4222554496549984,1,,01001,2
10,EADVT,2.911117315923343,1,,01010,2
11,EADVH,3.440965884882321,1,,01011,3
12,EARPT,1.2004706086313015,1,,01100,2
13,EARPH,2.9139374750576184,1,,01101,3
14,EARVT,2.9452067463681066,1,,01110,3
15,EARVH,4.279741833464724,1,,01111,4
16,CEDPT,0.9632815936831021,1,,10000,1
17,CEDPH,1.1352086662830851,1,,10001,2
18,CEDVT,1.2304546487806312,1,,10010,2
19,CEDVH,3.0354034118813398,1,,10011,3
20,CERPT,1.2235000919650658,1,,10100,2
21,CERPH,2.7095744624793605,1,,10101,3
22,CERVT,2.687772093796935,1,,10110,3
23,CERVH,3.753588207912827,1,,10111,4
24,CADPT,0.8460055930218013,1,,11000,2
25,CADPH,2.565313077581865,1,,11001,3
26,CADVT,3.1955552202829165,1,,11010,3
27,CADVH,4.051966359884849,1,,11011,4
28,CARPT,2.8479812855178768,1,,11100,3
29,CARPH,4.167102872130972,1,,11101,4
30,CARVT,3.485481104502414,1,,11110,4
31,CARVH,4.706197549120967,1,,11111,5
