{
    "log_transform": false,
    "mutations": {
        "0": [
            "A",
            "V"
        ],
        "1": [
            "A",
            "V"
        ],
        "2": [
            "A",
            "V"
        ],
        "3": [
            "A",
            "V"
        ]
    },
    "phenotypes": [
        0.6066256962293493,
        0.8748096713027391,
        0.19046053044113964,
        0.534855845218745,
        0.6695554038866947,
        0.929539589901736,
        0.3251115780903767,
        0.3999362990843036,
        0.80565708002967,
        0.9666303539782283,
        0.9817442004154074
    ],
    "genotypes": [
        "AAAA",
        "AAAV",
        "AVAA",
        "AVAV",
        "VAAV",
        "VAVA",
        "VVAA",
        "AVVV",
        "VAVV",
        "VVAV",
        "VVVV"
    ],
    "n_replicates": 3,
    "wildtype": "AAAA",
    "stdeviations": [
        0.007753879912490758,
        0.02349555417619047,
        0.0028619238303159047,
        0.035440735778895775,
        0.06154774222548272,
        0.02866245195048375,
        0.04560950320492137,
        0.010470018038919594,
        0.03900764972129514,
        0.09967966228468184,
        0.001794424268098327
    ]
}
