,genotypes,phenotypes,n_replicates,stdeviations,binary,n_mutations
5,EERPH,1.4560890646800217,1,,00101,2
4,EERPT,0.9938624187412064,1,,00100,1
0,EEDPT,0.6772049007935074,1,,00000,0
12,EARPT,1.2004706086313015,1,,01100,2
11,EADVH,3.440965884882321,1,,01011,3
6,EERVT,1.3202615497216679,1,,00110,2
18,CEDVT,1.2304546487806312,1,,10010,2
25,CADPH,2.565313077581865,1,,11001,3
21,CERPH,2.7095744624793605,1,,10101,3
23,CERVH,3.753588207912827,1,,10111,4
31,CARVH,4.706197549120967,1,,11111,5
27,CADVH,4.051966359884849,1,,11011,4
22,CERVT,2.687772093796935,1,,10110,3
3,EEDVH,1.7054289986729327,1,,00011,2
30,CARVT,3.485481104502414,1,,11110,4
14,EARVT,2.9452067463681066,1,,01110,3
